n_tokens_title,n_tokens_content,n_unique_tokens,n_non_stop_words,n_non_stop_unique_tokens,num_hrefs,num_self_hrefs,num_imgs,num_videos,average_token_length,num_keywords,data_channel_is_lifestyle,data_channel_is_entertainment,data_channel_is_bus,data_channel_is_socmed,data_channel_is_tech,data_channel_is_world,kw_min_min,kw_max_min,kw_avg_min,kw_min_max,kw_max_max,kw_avg_max,kw_min_avg,kw_max_avg,kw_avg_avg,self_reference_min_shares,self_reference_max_shares,self_reference_avg_sharess,weekday_is_monday,weekday_is_tuesday,weekday_is_wednesday,weekday_is_thursday,weekday_is_friday,weekday_is_saturday,LDA_00,LDA_01,LDA_02,LDA_03,LDA_04,global_subjectivity,global_sentiment_polarity,global_rate_positive_words,global_rate_negative_words,rate_positive_words,rate_negative_words,avg_positive_polarity,min_positive_polarity,max_positive_polarity,avg_negative_polarity,min_negative_polarity,max_negative_polarity,title_subjectivity,title_sentiment_polarity,abs_title_subjectivity,abs_title_sentiment_polarity
13,1248,0.390637610661,0.999999998736,0.523388115647,21,19,20,0,4.68669871795,10,0,0,0,0,1,0,0,0,0,0,0,0,0,0,0,545,16000,3151.15789474,1,0,0,0,0,0,0.0200687474478,0.0200045250931,0.0200185078531,0.0200084249105,0.919899794695,0.506535131535,0.29044039294,0.068108974359,0.0112179487179,0.858585858586,0.141414141414,0.408244716068,0.1,1,-0.206547619048,-0.5,-0.05,0,0,0.5,0
11,1154,0.42730496416,0.999999998613,0.572815533186,20,20,20,0,4.62998266898,7,0,0,0,0,1,0,0,0,0,0,0,0,0,0,0,545,16000,3151.15789474,1,0,0,0,0,0,0.31193116381,0.232677833294,0.0285750198108,0.0285742921237,0.398241690961,0.53365762214,0.268667864873,0.0745233968804,0.0164644714038,0.819047619048,0.180952380952,0.416342998087,0.1,1,-0.230263157895,-0.5,-0.05,0,0,0.5,0
10,254,0.627530361832,0.999999994286,0.697142853159,5,1,0,3,4.62598425197,10,0,1,0,0,0,0,217,2100,846.2,0,17100,4110,0,8566.66666667,1447.14444444,5400,5400,5400,0,0,1,0,0,0,0.0200002636327,0.644623987884,0.0200002231915,0.295375360705,0.0200001645873,0.391666666667,0.109259259259,0.0196850393701,0.00787401574803,0.714285714286,0.285714285714,0.31,0.1,1,-0.283333333333,-0.4,-0.166666666667,0.6,0.5,0.1,0.5
